Year,Region,Rural,Urban,Total_Population
2013,"Adana, Mersin-TR62",0.0,3855034.0,3855034.0
2013,Ankara-TR51,0.0,5045083.0,5045083.0
2013,"Antalya, Isparta, Burdur-TR61",219868.0,2613438.0,2833306.0
2013,"Aydın, Denizli, Muğla-TR32",0.0,2851086.0,2851086.0
2013,"Ağrı, Kars, Iğdır, Ardahan-TRA2",582726.0,562531.0,1145257.0
2013,"Balıkesir, Çanakkale-TR22",213558.0,1451531.0,1665089.0
2013,"Bursa, Eskişehir, Bilecik-TR41",48090.0,3701492.0,3749582.0
2013,"Erzurum, Erzincan, Bayburt-TRA1",128660.0,933685.0,1062345.0
2013,"Gaziantep, Adıyaman, Kilis-TRC1",258947.0,2311261.0,2570208.0
2013,"Hatay, Kahramanmaraş, Osmaniye-TR63",124114.0,2953639.0,3077753.0
2013,"Kastamonu, Çankırı, Sinop-TR82",327185.0,436385.0,763570.0
2013,"Kayseri, Sivas, Yozgat-TR72",364001.0,1999389.0,2363390.0
2013,"Kocaeli, Sakarya, Düzce, Bolu, Yalova-TR42",299708.0,3148994.0,3448702.0
2013,"Konya, Karaman-TR52",69253.0,2247911.0,2317164.0
2013,"Kırıkkale, Aksaray, Niğde, Nevşehir, Kırşehir-TR71",521924.0,988156.0,1510080.0
2013,"Malatya, Elazığ, Bingöl, Tunceli-TRB1",309106.0,1372613.0,1681719.0
2013,"Manisa, Afyonkarahisar, Kütahya, Uşak-TR33",608380.0,2376773.0,2985153.0
2013,"Mardin, Batman, Şırnak, Siirt-TRC3",426084.0,1690643.0,2116727.0
2013,"Samsun, Tokat, Çorum, Amasya-TR83",509450.0,2205125.0,2714575.0
2013,"Tekirdağ, Edirne, Kırklareli-TR21",227324.0,1386292.0,1613616.0
2013,"Trabzon, Ordu, Giresun, Rize, Artvin, Gümüşhane-TR90",442970.0,2110677.0,2553647.0
2013,"Van, Muş, Bitlis, Hakkari-TRB2",532668.0,1560195.0,2092863.0
2013,"Zonguldak, Karabük, Bartın-TR81",419435.0,601522.0,1020957.0
2013,İstanbul-TR10,0.0,14160467.0,14160467.0
2013,İzmir-TR31,0.0,4061074.0,4061074.0
2013,"Şanlıurfa, Diyarbakır-TRC2",0.0,3409417.0,3409417.0
2014,"Adana, Mersin-TR62",0.0,3892850.0,3892850.0
2014,Ankara-TR51,0.0,5150072.0,5150072.0
2014,"Antalya, Isparta, Burdur-TR61",213912.0,2684328.0,2898240.0
2014,"Aydın, Denizli, Muğla-TR32",0.0,2915188.0,2915188.0
2014,"Ağrı, Kars, Iğdır, Ardahan-TRA2",566105.0,572661.0,1138766.0
2014,"Balıkesir, Çanakkale-TR22",214704.0,1486143.0,1700847.0
2014,"Bursa, Eskişehir, Bilecik-TR41",46416.0,3763368.0,3809784.0
2014,"Erzurum, Erzincan, Bayburt-TRA1",129177.0,938383.0,1067560.0
2014,"Gaziantep, Adıyaman, Kilis-TRC1",249447.0,2366635.0,2616082.0
2014,"Hatay, Kahramanmaraş, Osmaniye-TR63",127154.0,2988527.0,3115681.0
2014,"Kastamonu, Çankırı, Sinop-TR82",304323.0,452660.0,756983.0
2014,"Kayseri, Sivas, Yozgat-TR72",343221.0,2034831.0,2378052.0
2014,"Kocaeli, Sakarya, Düzce, Bolu, Yalova-TR42",293468.0,3228885.0,3522353.0
2014,"Konya, Karaman-TR52",68040.0,2281130.0,2349170.0
2014,"Kırıkkale, Aksaray, Niğde, Nevşehir, Kırşehir-TR71",504089.0,1004110.0,1508199.0
2014,"Malatya, Elazığ, Bingöl, Tunceli-TRB1",284673.0,1406170.0,1690843.0
2014,"Manisa, Afyonkarahisar, Kütahya, Uşak-TR33",594301.0,2400988.0,2995289.0
2014,"Mardin, Batman, Şırnak, Siirt-TRC3",426809.0,1727112.0,2153921.0
2014,"Samsun, Tokat, Çorum, Amasya-TR83",479964.0,2237078.0,2717042.0
2014,"Tekirdağ, Edirne, Kırklareli-TR21",223656.0,1427079.0,1650735.0
2014,"Trabzon, Ordu, Giresun, Rize, Artvin, Gümüşhane-TR90",407663.0,2159177.0,2566840.0
2014,"Van, Muş, Bitlis, Hakkari-TRB2",524484.0,1586584.0,2111068.0
2014,"Zonguldak, Karabük, Bartın-TR81",408116.0,611418.0,1019534.0
2014,İstanbul-TR10,0.0,14377018.0,14377018.0
2014,İzmir-TR31,0.0,4113072.0,4113072.0
2014,"Şanlıurfa, Diyarbakır-TRC2",0.0,3480715.0,3480715.0
2015,"Adana, Mersin-TR62",0.0,3928388.0,3928388.0
2015,Ankara-TR51,0.0,5270575.0,5270575.0
2015,"Antalya, Isparta, Burdur-TR61",208613.0,2759948.0,2968561.0
2015,"Aydın, Denizli, Muğla-TR32",0.0,2955825.0,2955825.0
2015,"Ağrı, Kars, Iğdır, Ardahan-TRA2",547982.0,583588.0,1131570.0
2015,"Balıkesir, Çanakkale-TR22",211155.0,1488874.0,1700029.0
2015,"Bursa, Eskişehir, Bilecik-TR41",44669.0,3836955.0,3881624.0
2015,"Erzurum, Erzincan, Bayburt-TRA1",128016.0,935773.0,1063789.0
2015,"Gaziantep, Adıyaman, Kilis-TRC1",242546.0,2422719.0,2665265.0
2015,"Hatay, Kahramanmaraş, Osmaniye-TR63",124715.0,3018275.0,3142990.0
2015,"Kastamonu, Çankırı, Sinop-TR82",289671.0,468040.0,757711.0
2015,"Kayseri, Sivas, Yozgat-TR72",323263.0,2055850.0,2379113.0
2015,"Kocaeli, Sakarya, Düzce, Bolu, Yalova-TR42",288956.0,3328772.0,3617728.0
2015,"Konya, Karaman-TR52",66406.0,2306334.0,2372740.0
2015,"Kırıkkale, Aksaray, Niğde, Nevşehir, Kırşehir-TR71",491739.0,1023489.0,1515228.0
2015,"Malatya, Elazığ, Bingöl, Tunceli-TRB1",271703.0,1428765.0,1700468.0
2015,"Manisa, Afyonkarahisar, Kütahya, Uşak-TR33",581406.0,2432486.0,3013892.0
2015,"Mardin, Batman, Şırnak, Siirt-TRC3",424708.0,1749051.0,2173759.0
2015,"Samsun, Tokat, Çorum, Amasya-TR83",453733.0,2267488.0,2721221.0
2015,"Tekirdağ, Edirne, Kırklareli-TR21",217059.0,1470361.0,1687420.0
2015,"Trabzon, Ordu, Giresun, Rize, Artvin, Gümüşhane-TR90",385467.0,2187383.0,2572850.0
2015,"Van, Muş, Bitlis, Hakkari-TRB2",517194.0,1607155.0,2124349.0
2015,"Zonguldak, Karabük, Bartın-TR81",398918.0,624675.0,1023593.0
2015,İstanbul-TR10,0.0,14657434.0,14657434.0
2015,İzmir-TR31,0.0,4168415.0,4168415.0
2015,"Şanlıurfa, Diyarbakır-TRC2",0.0,3546516.0,3546516.0
2016,"Adana, Mersin-TR62",0.0,3975522.0,3975522.0
2016,Ankara-TR51,0.0,5346518.0,5346518.0
2016,"Antalya, Isparta, Burdur-TR61",206136.0,2811144.0,3017280.0
2016,"Aydın, Denizli, Muğla-TR32",0.0,2997720.0,2997720.0
2016,"Ağrı, Kars, Iğdır, Ardahan-TRA2",537842.0,585319.0,1123161.0
2016,"Balıkesir, Çanakkale-TR22",211652.0,1504317.0,1715969.0
2016,"Bursa, Eskişehir, Bilecik-TR41",43626.0,3920909.0,3964535.0
2016,"Erzurum, Erzincan, Bayburt-TRA1",130212.0,947995.0,1078207.0
2016,"Gaziantep, Adıyaman, Kilis-TRC1",239046.0,2476507.0,2715553.0
2016,"Hatay, Kahramanmaraş, Osmaniye-TR63",124231.0,3065743.0,3189974.0
2016,"Kastamonu, Çankırı, Sinop-TR82",281054.0,485249.0,766303.0
2016,"Kayseri, Sivas, Yozgat-TR72",315285.0,2085960.0,2401245.0
2016,"Kocaeli, Sakarya, Düzce, Bolu, Yalova-TR42",287372.0,3432280.0,3719652.0
2016,"Konya, Karaman-TR52",65445.0,2341468.0,2406913.0
2016,"Kırıkkale, Aksaray, Niğde, Nevşehir, Kırşehir-TR71",487763.0,1059232.0,1546995.0
2016,"Malatya, Elazığ, Bingöl, Tunceli-TRB1",263030.0,1448817.0,1711847.0
2016,"Manisa, Afyonkarahisar, Kütahya, Uşak-TR33",575719.0,2468127.0,3043846.0
2016,"Mardin, Batman, Şırnak, Siirt-TRC3",424372.0,1755216.0,2179588.0
2016,"Samsun, Tokat, Çorum, Amasya-TR83",448841.0,2303962.0,2752803.0
2016,"Tekirdağ, Edirne, Kırklareli-TR21",214645.0,1511615.0,1726260.0
2016,"Trabzon, Ordu, Giresun, Rize, Artvin, Gümüşhane-TR90",380604.0,2264980.0,2645584.0
2016,"Van, Muş, Bitlis, Hakkari-TRB2",506585.0,1609144.0,2115729.0
2016,"Zonguldak, Karabük, Bartın-TR81",399663.0,632597.0,1032260.0
2016,İstanbul-TR10,0.0,14804116.0,14804116.0
2016,İzmir-TR31,0.0,4223545.0,4223545.0
2016,"Şanlıurfa, Diyarbakır-TRC2",0.0,3613746.0,3613746.0
2017,"Adana, Mersin-TR62",0.0,4010406.0,4010406.0
2017,Ankara-TR51,0.0,5445026.0,5445026.0
2017,"Antalya, Isparta, Burdur-TR61",202046.0,2860959.0,3063005.0
2017,"Aydın, Denizli, Muğla-TR32",0.0,3038325.0,3038325.0
2017,"Ağrı, Kars, Iğdır, Ardahan-TRA2",525929.0,589881.0,1115810.0
2017,"Balıkesir, Çanakkale-TR22",210631.0,1524610.0,1735241.0
2017,"Bursa, Eskişehir, Bilecik-TR41",42445.0,3976671.0,4019116.0
2017,"Erzurum, Erzincan, Bayburt-TRA1",132101.0,940303.0,1072404.0
2017,"Gaziantep, Adıyaman, Kilis-TRC1",235202.0,2521708.0,2756910.0
2017,"Hatay, Kahramanmaraş, Osmaniye-TR63",122688.0,3107885.0,3230573.0
2017,"Kastamonu, Çankırı, Sinop-TR82",280312.0,485562.0,765874.0
2017,"Kayseri, Sivas, Yozgat-TR72",306162.0,2110511.0,2416673.0
2017,"Kocaeli, Sakarya, Düzce, Bolu, Yalova-TR42",288892.0,3516589.0,3805481.0
2017,"Konya, Karaman-TR52",64162.0,2362659.0,2426821.0
2017,"Kırıkkale, Aksaray, Niğde, Nevşehir, Kırşehir-TR71",468876.0,1091898.0,1560774.0
2017,"Malatya, Elazığ, Bingöl, Tunceli-TRB1",256702.0,1469497.0,1726199.0
2017,"Manisa, Afyonkarahisar, Kütahya, Uşak-TR33",569560.0,2496401.0,3065961.0
2017,"Mardin, Batman, Şırnak, Siirt-TRC3",428712.0,1793889.0,2222601.0
2017,"Samsun, Tokat, Çorum, Amasya-TR83",440997.0,2332389.0,2773386.0
2017,"Tekirdağ, Edirne, Kırklareli-TR21",210887.0,1557481.0,1768368.0
2017,"Trabzon, Ordu, Giresun, Rize, Artvin, Gümüşhane-TR90",364312.0,2269105.0,2633417.0
2017,"Van, Muş, Bitlis, Hakkari-TRB2",504496.0,1624174.0,2128670.0
2017,"Zonguldak, Karabük, Bartın-TR81",394281.0,640641.0,1034922.0
2017,İstanbul-TR10,0.0,15029231.0,15029231.0
2017,İzmir-TR31,0.0,4279677.0,4279677.0
2017,"Şanlıurfa, Diyarbakır-TRC2",0.0,3685654.0,3685654.0
2018,"Adana, Mersin-TR62",0.0,4034593.0,4034593.0
2018,Ankara-TR51,0.0,5503985.0,5503985.0
2018,"Antalya, Isparta, Burdur-TR61",205964.0,2931730.0,3137694.0
2018,"Aydın, Denizli, Muğla-TR32",0.0,3093015.0,3093015.0
2018,"Ağrı, Kars, Iğdır, Ardahan-TRA2",533051.0,591847.0,1124898.0
2018,"Balıkesir, Çanakkale-TR22",214636.0,1552601.0,1767237.0
2018,"Bursa, Eskişehir, Bilecik-TR41",43146.0,4046010.0,4089156.0
2018,"Erzurum, Erzincan, Bayburt-TRA1",99910.0,986246.0,1086156.0
2018,"Gaziantep, Adıyaman, Kilis-TRC1",239104.0,2556513.0,2795617.0
2018,"Hatay, Kahramanmaraş, Osmaniye-TR63",126358.0,3162764.0,3289122.0
2018,"Kastamonu, Çankırı, Sinop-TR82",325076.0,494392.0,819468.0
2018,"Kayseri, Sivas, Yozgat-TR72",330342.0,2130927.0,2461269.0
2018,"Kocaeli, Sakarya, Düzce, Bolu, Yalova-TR42",299164.0,3579815.0,3878979.0
2018,"Konya, Karaman-TR52",65249.0,2392273.0,2457522.0
2018,"Kırıkkale, Aksaray, Niğde, Nevşehir, Kırşehir-TR71",489479.0,1114209.0,1603688.0
2018,"Malatya, Elazığ, Bingöl, Tunceli-TRB1",312334.0,1449743.0,1762077.0
2018,"Manisa, Afyonkarahisar, Kütahya, Uşak-TR33",567916.0,2532750.0,3100666.0
2018,"Mardin, Batman, Şırnak, Siirt-TRC3",429467.0,1854691.0,2284158.0
2018,"Samsun, Tokat, Çorum, Amasya-TR83",468754.0,2353599.0,2822353.0
2018,"Tekirdağ, Edirne, Kırklareli-TR21",215440.0,1586875.0,1802315.0
2018,"Trabzon, Ordu, Giresun, Rize, Artvin, Gümüşhane-TR90",472328.0,2246785.0,2719113.0
2018,"Van, Muş, Bitlis, Hakkari-TRB2",490293.0,1677349.0,2167642.0
2018,"Zonguldak, Karabük, Bartın-TR81",409374.0,637337.0,1046711.0
2018,İstanbul-TR10,0.0,15067724.0,15067724.0
2018,İzmir-TR31,0.0,4320519.0,4320519.0
2018,"Şanlıurfa, Diyarbakır-TRC2",0.0,3768205.0,3768205.0
2019,"Adana, Mersin-TR62",0.0,4078365.0,4078365.0
2019,Ankara-TR51,0.0,5639076.0,5639076.0
2019,"Antalya, Isparta, Burdur-TR61",201531.0,3025879.0,3227410.0
2019,"Aydın, Denizli, Muğla-TR32",0.0,3131322.0,3131322.0
2019,"Ağrı, Kars, Iğdır, Ardahan-TRA2",519491.0,598879.0,1118370.0
2019,"Balıkesir, Çanakkale-TR22",213421.0,1557356.0,1770777.0
2019,"Bursa, Eskişehir, Bilecik-TR41",40893.0,4122129.0,4163022.0
2019,"Erzurum, Erzincan, Bayburt-TRA1",89509.0,992143.0,1081652.0
2019,"Gaziantep, Adıyaman, Kilis-TRC1",229025.0,2609294.0,2838319.0
2019,"Hatay, Kahramanmaraş, Osmaniye-TR63",122424.0,3199331.0,3321755.0
2019,"Kastamonu, Çankırı, Sinop-TR82",286129.0,507308.0,793437.0
2019,"Kayseri, Sivas, Yozgat-TR72",309487.0,2158078.0,2467565.0
2019,"Kocaeli, Sakarya, Düzce, Bolu, Yalova-TR42",293563.0,3668390.0,3961953.0
2019,"Konya, Karaman-TR52",63010.0,2422643.0,2485653.0
2019,"Kırıkkale, Aksaray, Niğde, Nevşehir, Kırşehir-TR71",464566.0,1143627.0,1608193.0
2019,"Malatya, Elazığ, Bingöl, Tunceli-TRB1",270603.0,1485132.0,1755735.0
2019,"Manisa, Afyonkarahisar, Kütahya, Uşak-TR33",551108.0,2568752.0,3119860.0
2019,"Mardin, Batman, Şırnak, Siirt-TRC3",422037.0,1885295.0,2307332.0
2019,"Samsun, Tokat, Çorum, Amasya-TR83",447005.0,2382948.0,2829953.0
2019,"Tekirdağ, Edirne, Kırklareli-TR21",209973.0,1621178.0,1831151.0
2019,"Trabzon, Ordu, Giresun, Rize, Artvin, Gümüşhane-TR90",397086.0,2293094.0,2690180.0
2019,"Van, Muş, Bitlis, Hakkari-TRB2",477271.0,1697401.0,2174672.0
2019,"Zonguldak, Karabük, Bartın-TR81",395585.0,647175.0,1042760.0
2019,İstanbul-TR10,0.0,15519267.0,15519267.0
2019,İzmir-TR31,0.0,4367251.0,4367251.0
2019,"Şanlıurfa, Diyarbakır-TRC2",0.0,3829967.0,3829967.0
2020,"Adana, Mersin-TR62",0.0,4127475.0,4127475.0
2020,Ankara-TR51,0.0,5663322.0,5663322.0
2020,"Antalya, Isparta, Burdur-TR61",199713.0,3055991.0,3255704.0
2020,"Aydın, Denizli, Muğla-TR32",0.0,3160772.0,3160772.0
2020,"Ağrı, Kars, Iğdır, Ardahan-TRA2",511397.0,606436.0,1117833.0
2020,"Balıkesir, Çanakkale-TR22",212346.0,1569487.0,1781833.0
2020,"Bursa, Eskişehir, Bilecik-TR41",39936.0,4169442.0,4209378.0
2020,"Erzurum, Erzincan, Bayburt-TRA1",85946.0,988674.0,1074620.0
2020,"Gaziantep, Adıyaman, Kilis-TRC1",224520.0,2651888.0,2876408.0
2020,"Hatay, Kahramanmaraş, Osmaniye-TR63",120752.0,3255287.0,3376039.0
2020,"Kastamonu, Çankırı, Sinop-TR82",277240.0,508025.0,785265.0
2020,"Kayseri, Sivas, Yozgat-TR72",301118.0,2175321.0,2476439.0
2020,"Kocaeli, Sakarya, Düzce, Bolu, Yalova-TR42",291451.0,3734987.0,4026438.0
2020,"Konya, Karaman-TR52",62605.0,2442334.0,2504939.0
2020,"Kırıkkale, Aksaray, Niğde, Nevşehir, Kırşehir-TR71",455702.0,1156087.0,1611789.0
2020,"Malatya, Elazığ, Bingöl, Tunceli-TRB1",260419.0,1498908.0,1759327.0
2020,"Manisa, Afyonkarahisar, Kütahya, Uşak-TR33",543886.0,2589763.0,3133649.0
2020,"Mardin, Batman, Şırnak, Siirt-TRC3",419148.0,1924678.0,2343826.0
2020,"Samsun, Tokat, Çorum, Amasya-TR83",425004.0,2394556.0,2819560.0
2020,"Tekirdağ, Edirne, Kırklareli-TR21",204760.0,1645805.0,1850565.0
2020,"Trabzon, Ordu, Giresun, Rize, Artvin, Gümüşhane-TR90",382625.0,2294959.0,2677584.0
2020,"Van, Muş, Bitlis, Hakkari-TRB2",473127.0,1718840.0,2191967.0
2020,"Zonguldak, Karabük, Bartın-TR81",386626.0,647171.0,1033797.0
2020,İstanbul-TR10,0.0,15462452.0,15462452.0
2020,İzmir-TR31,0.0,4394694.0,4394694.0
2020,"Şanlıurfa, Diyarbakır-TRC2",0.0,3898687.0,3898687.0
2021,"Adana, Mersin-TR62",0.0,4154518.0,4154518.0
2021,Ankara-TR51,0.0,5747325.0,5747325.0
2021,"Antalya, Isparta, Burdur-TR61",195828.0,3143398.0,3339226.0
2021,"Aydın, Denizli, Muğla-TR32",0.0,3206228.0,3206228.0
2021,"Ağrı, Kars, Iğdır, Ardahan-TRA2",496079.0,607733.0,1103812.0
2021,"Balıkesir, Çanakkale-TR22",213268.0,1594618.0,1807886.0
2021,"Bursa, Eskişehir, Bilecik-TR41",38378.0,4236143.0,4274521.0
2021,"Erzurum, Erzincan, Bayburt-TRA1",83148.0,996138.0,1079286.0
2021,"Gaziantep, Adıyaman, Kilis-TRC1",217436.0,2690970.0,2908406.0
2021,"Hatay, Kahramanmaraş, Osmaniye-TR63",120567.0,3274455.0,3395022.0
2021,"Kastamonu, Çankırı, Sinop-TR82",272483.0,518032.0,790515.0
2021,"Kayseri, Sivas, Yozgat-TR72",294602.0,2194376.0,2488978.0
2021,"Kocaeli, Sakarya, Düzce, Bolu, Yalova-TR42",291671.0,3814637.0,4106308.0
2021,"Konya, Karaman-TR52",61836.0,2474019.0,2535855.0
2021,"Kırıkkale, Aksaray, Niğde, Nevşehir, Kırşehir-TR71",444923.0,1174786.0,1619709.0
2021,"Malatya, Elazığ, Bingöl, Tunceli-TRB1",257807.0,1505730.0,1763537.0
2021,"Manisa, Afyonkarahisar, Kütahya, Uşak-TR33",536334.0,2616294.0,3152628.0
2021,"Mardin, Batman, Şırnak, Siirt-TRC3",412900.0,1954745.0,2367645.0
2021,"Samsun, Tokat, Çorum, Amasya-TR83",417613.0,2417841.0,2835454.0
2021,"Tekirdağ, Edirne, Kırklareli-TR21",201870.0,1690008.0,1891878.0
2021,"Trabzon, Ordu, Giresun, Rize, Artvin, Gümüşhane-TR90",371780.0,2321254.0,2693034.0
2021,"Van, Muş, Bitlis, Hakkari-TRB2",461098.0,1715640.0,2176738.0
2021,"Zonguldak, Karabük, Bartın-TR81",382021.0,658661.0,1040682.0
2021,İstanbul-TR10,0.0,15840900.0,15840900.0
2021,İzmir-TR31,0.0,4425789.0,4425789.0
2021,"Şanlıurfa, Diyarbakır-TRC2",0.0,3934393.0,3934393.0
2022,"Adana, Mersin-TR62",0.0,4190538.0,4190538.0
2022,Ankara-TR51,0.0,5782285.0,5782285.0
2022,"Antalya, Isparta, Burdur-TR61",191818.0,3215310.0,3407128.0
2022,"Aydın, Denizli, Muğla-TR32",0.0,3252758.0,3252758.0
2022,"Ağrı, Kars, Iğdır, Ardahan-TRA2",474135.0,607395.0,1081530.0
2022,"Balıkesir, Çanakkale-TR22",213357.0,1603616.0,1816973.0
2022,"Bursa, Eskişehir, Bilecik-TR41",37900.0,4292110.0,4330010.0
2022,"Erzurum, Erzincan, Bayburt-TRA1",83198.0,990020.0,1073218.0
2022,"Gaziantep, Adıyaman, Kilis-TRC1",208449.0,2728690.0,2937139.0
2022,"Hatay, Kahramanmaraş, Osmaniye-TR63",119868.0,3303016.0,3422884.0
2022,"Kastamonu, Çankırı, Sinop-TR82",272707.0,521973.0,794680.0
2022,"Kayseri, Sivas, Yozgat-TR72",290830.0,2204059.0,2494889.0
2022,"Kocaeli, Sakarya, Düzce, Bolu, Yalova-TR42",292848.0,3888592.0,4181440.0
2022,"Konya, Karaman-TR52",60902.0,2496283.0,2557185.0
2022,"Kırıkkale, Aksaray, Niğde, Nevşehir, Kırşehir-TR71",436074.0,1193976.0,1630050.0
2022,"Malatya, Elazığ, Bingöl, Tunceli-TRB1",250879.0,1520120.0,1770999.0
2022,"Manisa, Afyonkarahisar, Kütahya, Uşak-TR33",526405.0,2645584.0,3171989.0
2022,"Mardin, Batman, Şırnak, Siirt-TRC3",412268.0,1981513.0,2393781.0
2022,"Samsun, Tokat, Çorum, Amasya-TR83",403299.0,2424040.0,2827339.0
2022,"Tekirdağ, Edirne, Kırklareli-TR21",199029.0,1727483.0,1926512.0
2022,"Trabzon, Ordu, Giresun, Rize, Artvin, Gümüşhane-TR90",372398.0,2317640.0,2690038.0
2022,"Van, Muş, Bitlis, Hakkari-TRB2",443411.0,1713861.0,2157272.0
2022,"Zonguldak, Karabük, Bartın-TR81",376499.0,667420.0,1043919.0
2022,İstanbul-TR10,0.0,15907951.0,15907951.0
2022,İzmir-TR31,0.0,4462056.0,4462056.0
2022,"Şanlıurfa, Diyarbakır-TRC2",0.0,3974990.0,3974990.0
2023,"Adana, Mersin-TR62",0.0,4208687.0,4208687.0
2023,Ankara-TR51,0.0,5803482.0,5803482.0
2023,"Antalya, Isparta, Burdur-TR61",195146.0,3228332.0,3423478.0
2023,"Aydın, Denizli, Muğla-TR32",0.0,3287520.0,3287520.0
2023,"Ağrı, Kars, Iğdır, Ardahan-TRA2",471137.0,620993.0,1092130.0
2023,"Balıkesir, Çanakkale-TR22",217236.0,1626782.0,1844018.0
2023,"Bursa, Eskişehir, Bilecik-TR41",39530.0,4318517.0,4358047.0
2023,"Erzurum, Erzincan, Bayburt-TRA1",98852.0,980587.0,1079439.0
2023,"Gaziantep, Adıyaman, Kilis-TRC1",223081.0,2701210.0,2924291.0
2023,"Hatay, Kahramanmaraş, Osmaniye-TR63",128606.0,3090318.0,3218924.0
2023,"Kastamonu, Çankırı, Sinop-TR82",307460.0,516747.0,824207.0
2023,"Kayseri, Sivas, Yozgat-TR72",312688.0,2204095.0,2516783.0
2023,"Kocaeli, Sakarya, Düzce, Bolu, Yalova-TR42",300373.0,3940083.0,4240456.0
2023,"Konya, Karaman-TR52",62688.0,2521513.0,2584201.0
2023,"Kırıkkale, Aksaray, Niğde, Nevşehir, Kırşehir-TR71",473185.0,1191316.0,1664501.0
2023,"Malatya, Elazığ, Bingöl, Tunceli-TRB1",274830.0,1447278.0,1722108.0
2023,"Manisa, Afyonkarahisar, Kütahya, Uşak-TR33",537397.0,2642338.0,3179735.0
2023,"Mardin, Batman, Şırnak, Siirt-TRC3",412224.0,2042012.0,2454236.0
2023,"Samsun, Tokat, Çorum, Amasya-TR83",444042.0,2408318.0,2852360.0
2023,"Tekirdağ, Edirne, Kırklareli-TR21",203781.0,1760347.0,1964128.0
2023,"Trabzon, Ordu, Giresun, Rize, Artvin, Gümüşhane-TR90",441911.0,2291354.0,2733265.0
2023,"Van, Muş, Bitlis, Hakkari-TRB2",437217.0,1737646.0,2174863.0
2023,"Zonguldak, Karabük, Bartın-TR81",391701.0,662271.0,1053972.0
2023,İstanbul-TR10,0.0,15655924.0,15655924.0
2023,İzmir-TR31,0.0,4479525.0,4479525.0
2023,"Şanlıurfa, Diyarbakır-TRC2",0.0,4032097.0,4032097.0
2024,"Adana, Mersin-TR62",0.0,4234763.0,4234763.0
2024,Ankara-TR51,0.0,5864049.0,5864049.0
2024,"Antalya, Isparta, Burdur-TR61",191963.0,3252375.0,3444338.0
2024,"Aydın, Denizli, Muğla-TR32",0.0,3309181.0,3309181.0
2024,"Ağrı, Kars, Iğdır, Ardahan-TRA2",451847.0,618465.0,1070312.0
2024,"Balıkesir, Çanakkale-TR22",216299.0,1628763.0,1845062.0
2024,"Bursa, Eskişehir, Bilecik-TR41",37616.0,4351127.0,4388743.0
2024,"Erzurum, Erzincan, Bayburt-TRA1",88727.0,981193.0,1069920.0
2024,"Gaziantep, Adıyaman, Kilis-TRC1",221178.0,2739961.0,2961139.0
2024,"Hatay, Kahramanmaraş, Osmaniye-TR63",125529.0,3131822.0,3257351.0
2024,"Kastamonu, Çankırı, Sinop-TR82",283387.0,525542.0,808929.0
2024,"Kayseri, Sivas, Yozgat-TR72",285044.0,2217582.0,2502626.0
2024,"Kocaeli, Sakarya, Düzce, Bolu, Yalova-TR42",294644.0,3992732.0,4287376.0
2024,"Konya, Karaman-TR52",61623.0,2531192.0,2592815.0
2024,"Kırıkkale, Aksaray, Niğde, Nevşehir, Kırşehir-TR71",443725.0,1214008.0,1657733.0
2024,"Malatya, Elazığ, Bingöl, Tunceli-TRB1",243650.0,1480670.0,1724320.0
2024,"Manisa, Afyonkarahisar, Kütahya, Uşak-TR33",521036.0,2650898.0,3171934.0
2024,"Mardin, Batman, Şırnak, Siirt-TRC3",396151.0,2061567.0,2457718.0
2024,"Samsun, Tokat, Çorum, Amasya-TR83",420650.0,2438113.0,2858763.0
2024,"Tekirdağ, Edirne, Kırklareli-TR21",198410.0,1789030.0,1987440.0
2024,"Trabzon, Ordu, Giresun, Rize, Artvin, Gümüşhane-TR90",386197.0,2321580.0,2707777.0
2024,"Van, Muş, Bitlis, Hakkari-TRB2",413538.0,1738849.0,2152387.0
2024,"Zonguldak, Karabük, Bartın-TR81",376472.0,667523.0,1043995.0
2024,İstanbul-TR10,0.0,15701602.0,15701602.0
2024,İzmir-TR31,0.0,4493242.0,4493242.0
2024,"Şanlıurfa, Diyarbakır-TRC2",0.0,4071429.0,4071429.0
2025,"Adana, Mersin-TR62",0.0,4240037.0,4240037.0
2025,Ankara-TR51,0.0,5910320.0,5910320.0
2025,"Antalya, Isparta, Burdur-TR61",188198.0,3312008.0,3500206.0
2025,"Aydın, Denizli, Muğla-TR32",0.0,3332629.0,3332629.0
2025,"Ağrı, Kars, Iğdır, Ardahan-TRA2",436057.0,619886.0,1055943.0
2025,"Balıkesir, Çanakkale-TR22",217926.0,1640567.0,1858493.0
2025,"Bursa, Eskişehir, Bilecik-TR41",36393.0,4383569.0,4419962.0
2025,"Erzurum, Erzincan, Bayburt-TRA1",85749.0,973589.0,1059338.0
2025,"Gaziantep, Adıyaman, Kilis-TRC1",222851.0,2774748.0,2997599.0
2025,"Hatay, Kahramanmaraş, Osmaniye-TR63",122743.0,3165189.0,3287932.0
2025,"Kastamonu, Çankırı, Sinop-TR82",275758.0,530573.0,806331.0
2025,"Kayseri, Sivas, Yozgat-TR72",279464.0,2224136.0,2503600.0
2025,"Kocaeli, Sakarya, Düzce, Bolu, Yalova-TR42",292788.0,4046506.0,4339294.0
2025,"Konya, Karaman-TR52",60301.0,2545463.0,2605764.0
2025,"Kırıkkale, Aksaray, Niğde, Nevşehir, Kırşehir-TR71",437832.0,1223553.0,1661385.0
2025,"Malatya, Elazığ, Bingöl, Tunceli-TRB1",231782.0,1497132.0,1728914.0
2025,"Manisa, Afyonkarahisar, Kütahya, Uşak-TR33",514913.0,2659534.0,3174447.0
2025,"Mardin, Batman, Şırnak, Siirt-TRC3",388077.0,2084160.0,2472237.0
2025,"Samsun, Tokat, Çorum, Amasya-TR83",408690.0,2459686.0,2868376.0
2025,"Tekirdağ, Edirne, Kırklareli-TR21",195457.0,1815017.0,2010474.0
2025,"Trabzon, Ordu, Giresun, Rize, Artvin, Gümüşhane-TR90",370071.0,2329698.0,2699769.0
2025,"Van, Muş, Bitlis, Hakkari-TRB2",402603.0,1738641.0,2141244.0
2025,"Zonguldak, Karabük, Bartın-TR81",369040.0,672440.0,1041480.0
2025,İstanbul-TR10,0.0,15754053.0,15754053.0
2025,İzmir-TR31,0.0,4504185.0,4504185.0
2025,"Şanlıurfa, Diyarbakır-TRC2",0.0,4118156.0,4118156.0
